{"cameraMode":{"drawMode":0,"name":"Shaded","section":"Shading Mode"},"sceneLighting":true,"audioPlay":false,"sceneViewState":{"showFog":true,"showMaterialUpdate":false,"showSkybox":true,"showFlares":true,"showImageEffects":true,"showParticleSystems":true},"in2DMode":false,"pivot":{"x":-0.1802823543548584,"y":0.08341658115386963,"z":-5.250895977020264},"rotation":{"x":-0.34879058599472048,"y":0.3235813081264496,"z":-0.1297341287136078,"w":-0.8699493408203125},"size":1.9438424110412598,"orthographic":false}